<?xml version="1.0" encoding="UTF-8"?>
<project-private xmlns="http://www.netbeans.org/ns/project-private/1">
    <open-files xmlns="http://www.netbeans.org/ns/projectui-open-files/2">
        <group>
            <file>file:/C:/Users/marti/OneDrive/Documentos/NetBeansProjects/ConsultaSelect/src/vista/Consulta.java</file>
            <file>file:/C:/Users/marti/OneDrive/Documentos/NetBeansProjects/ConsultaSelect/src/controlador/controladorOracle.java</file>
        </group>
    </open-files>
</project-private>
